"name";"url";"neighborhood";"district";"categories";"ownership";"type_group";"region";"city";"state";"location";"location_geo";"latitude";"longitude";"address";"area_code";"activity_level";"audience_size";"image";"description";"contact";"email";"source";"calendar_url"
"14th Ave NW Visioning Project";"http://www.14avenw.org/";"Ballard";"Ballard";"road development";"community";"website";"NW";"Seattle";"WA";"This is a long description of location field.";"(55.0001,-122.0001)";55.000001;-122.00001;"This is an address field.";510;"Multiple Daily";"1000-10000";"http://example.com/image.jpg";"This is a description field.";"Contact Name First Last";"email@example.com";"City of Seattle";"http://example.com/calendar_url"
"At Large in Ballard";"http://blog.seattlepi.com/ballard/";"Ballard";"Ballard";"news, human interest";"commercial";"blog";"NW";"Seattle";"WA";;;;;;;;;;;;;;
"Ballard Avenue";"http://www.ballardavenue.blogspot.com/";"Ballard";"Ballard";"personal ballard-centric blog";"community";"blog";"NW";"Seattle";"WA";;;;;;;;;;;;;;
"Ballard Blog";"http://ballardblog.com/";"Ballard";"Ballard";"news, events, human interest, criminal activity, shopping";"commercial";"blog";"NW";"Seattle";"WA";;;;;;;;;;;;;;
"Ballard Chamber of Commerce";"http://www.ballardchamber.com/";"Ballard";"Ballard";"chamber of commerce";"community";"website";"NW";"Seattle";"WA";;;;;;;;;;;;;;
"Ballard District Council";"http://www.ballarddistrictcouncil.org/";"Ballard";"Ballard";"district council";"community";"website";"NW";"Seattle";"WA";;;;;;;;;;;;;;
"Ballard Gossip Girl";"http://www.ballardgossipgirl.com/";"Ballard";"Ballard";"restaurants, nightlife, shopping";"commercial";"blog";"NW";"Seattle";"WA";;;;;;;;;;;;;;
"Ballard Historical Society";"http://www.ballardhistory.org/";"Ballard";"Ballard";"historical society";"community";"website";"NW";"Seattle";"WA";;;;;;;;;;;;;;
"Ballard Moms";"http://groups.yahoo.com/group/BallardMoms/";"Ballard";"Ballard";"Ballard parents";"community";"email list";"NW";"Seattle";"WA";;;;;;;;;;;;;;
"Ballard Neighbor Connection";"http://groups.yahoo.com/group/BallardNeighborConnection/";"Ballard";"Ballard";"neighborhood residents";"community";"email list";"NW";"Seattle";"WA";;;;;;;;;;;;;;
"ballardite blog";"http://www.ballardite.blogspot.com/";"Ballard";"Ballard";"news, personal";"personal";"blog";"NW";"Seattle";"WA";;;;;;;;;;;;;;
"Central Ballard Community Council";"http://www.neighborhoodlink.com/seattle/cbcc/";"Ballard";"Ballard";"community council";"community";"website";"NW";"Seattle";"WA";;;;;;;;;;;;;;
"Crown Hill Neighbors";"http://www.crownhillneighbors.org";"Crown Hill";"Ballard";"neighborhood-issues, neighborhood-planning, news";"community";"website";"NW";"Seattle";"WA";;;;;;;;;;;;;;
"East Ballard Community Association Blog";"http://eastballard.wordpress.com/";"Ballard";"Ballard";"community association, news, events, meeting";"community";"blog";"NW";"Seattle";"WA";;;;;;;;;;;;;;
"InBallard";"http://inballard.com/";"Ballard";"Ballard";"food, nightlife, shopping, services";"commercial";"website";"NW";"Seattle";"WA";;;;;;;;;;;;;;
"MyBallard";"http://www.myballard.com/";"Ballard";"Ballard";"news, events, human interest, criminal activity, shopping";"commercial";"blog";"NW";"Seattle";"WA";;;;;;;;;;;;;;
"Shilshole Blog";"http://shilsholecommunity.org/";"Ballard";"Ballard";"news, weather, events, criminal activity";"commercial";"blog";"NW";"Seattle";"WA";;;;;;;;;;;;;;
"Sustainable Ballard";"http://sustainableballard.org/wiki/index.php?title=Welcome_to_Sustainable_Ballard!";"Ballard";"Ballard";"community group";"community";"wiki";"NW";"Seattle";"WA";;;;;;;;;;;;;;
"Sustainable Crown Hill";"http://sustainablecrownhill.org/wp/";"Crown Hill";"Ballard";"community group, has mailing list";"community";"website";"NW";"Seattle";"WA";;;;;;;;;;;;;;
"Walkable Crown Hill";"http://walkablecrownhill.org/";"Crown Hill";"Ballard";"neighborhood group";"community";"website";"NW";"Seattle";"WA";;;;;;;;;;;;;;
"Central Area Community Festival Association";"http://www.cacf.com/";"Central District";"Central";"festival planning association";"community";"website";"E";"Seattle";"WA";;;;;;;;;;;;;;
"Central District News";"http://www.centraldistrictnews.com/";"Central District";"Central";"news, events, food, drink, reviews";"commercial";"blog";"E";"Seattle";"WA";;;;;;;;;;;;;;
"Friends of Frink Park";"http://www.frinkpark.org/";"Central District";"Central";"park issues";"community";"website";"E";"Seattle";"WA";;;;;;;;;;;;;;
"Leschi Community Council";"http://groups.google.com/group/LeschiCC?hl=en";"Leschi";"Central";"planning, meeting times";"community";"email list";"E";"Seattle";"WA";;;;;;;;;;;;;;
"Madrona Moms";"http://health.groups.yahoo.com/group/MadronaMoms/";"Madrona";"Central";"community group (moms)";"community";"email list";"E";"Seattle";"WA";;;;;;;;;;;;;;
"Madrona Neighborhood";"http://madrona.wetpaint.com/";"Madrona";"Central";"neighborhood community site: buying/selling, restaurants, favorite places, etc.  Also community association meeting minutes";"community";"wiki";"E";"Seattle";"WA";;;;;;;;;;;;;;
"Squire Park Community Council";"http://groups.yahoo.com/group/squirepark/";"Central District";"Central";"community group";"community";"email list";"E";"Seattle";"WA";;;;;;;;;;;;;;
"Squire Park Community Council";"http://www.squirepark.org/";"Central District";"Central";"community group";"community";"blog";"E";"Seattle";"WA";;;;;;;;;;;;;;
"Community Harvest of Southwest Seattle";"http://gleanit.org";"West Seattle";"Delridge";"sustainable food";"community";"website";"SW";"Seattle";"WA";;;;;;;;;;;;;;
"Delridge Grassroots Leadership";"http://delridge.blogspot.com/";"Delridge";"Delridge";"community organization";"community";"website";"SW";"Seattle";"WA";;;;;;;;;;;;;;
"Delridge Neighborhoods Development Association";"http://www.dnda.org/";"Delridge";"Delridge";"neighborhood association";"community";"website";"SW";"Seattle";"WA";;;;;;;;;;;;;;
"Delridge Produce Cooperative";"http://sites.google.com/site/delridgeproducecooperative/";"Delridge";"Delridge";"produce coop";"community";"website";"SW";"Seattle";"WA";;;;;;;;;;;;;;
"Highland Park Action Committee";"http://www.highlandpk.net/";"Highland Park";"Delridge";"community group";"community";"website";"SW";"Seattle";"WA";;;;;;;;;;;;;;
"Highland Park Improvement Club";"http://www.hpic1919.org/";"Highland Park";"Delridge";"neighborhood group";"community";"blog";"SW";"Seattle";"WA";;;;;;;;;;;;;;
"Longfellow Creek Community Website";"http://www.longfellowcreek.org/";"Delridge";"Delridge";"watershed info";"community";"website";"SW";"Seattle";"WA";;;;;;;;;;;;;;
"Nature Consortium";"http://www.naturec.org";"Delridge";"Delridge";"environmental conservation";"community";"website";"SW";"Seattle";"WA";;;;;;;;;;;;;;
"North Delridge Neighborhood Council";"http://ndnc.org/";"Delridge";"Delridge";"events calendar";"community";"website";"SW";"Seattle";"WA";;;;;;;;;;;;;;
"Pigeon Point Neighborhood Council";"http://www.pigeonpoint.org/";"Pigeon Point";"Delridge";"neighborhood council";"community";"website";"SW";"Seattle";"WA";;;;;;;;;;;;;;
"Westwood Neighborhood Council";"http://www.scn.org/neighbors/westwood/";"Westwood";"Delridge";"neighborhood council";"community";"website";"SW";"Seattle";"WA";;;;;;;;;;;;;;
"White Center Community Development Association";"http://www.wccda.org/home";"White Center";"Delridge";"nonprofit";"community";"website";"SW";"Seattle";"WA";;;;;;;;;;;;;;
"White Center Community Development Association blog";"http://twitter.com/whitecentercda";"White Center";"Delridge";"nonprofit";"community";"website";"SW";"Seattle";"WA";;;;;;;;;;;;;;
"White Center Now";"http://whitecenternow.com/";"White Center";"Delridge";"news, events, food";"community";"blog";"SW";"Seattle";"WA";;;;;;;;;;;;;;
"Youngstown Cultural Arts Center";"http://youngstownarts.org";"Delridge";"Delridge";"arts";"community";"website";"SW";"Seattle";"WA";;;;;;;;;;;;;;
"All About Belltown";"http://www.belltown.org/";"Belltown";"Downtown";"lifestyle; linked to cmty and bus associations";"community";"website";"W";"Seattle";"WA";;;;;;;;;;;;;;
"belltown";"http://www.belltownpeople.com/";"Belltown";"Downtown";"news, events";"commercial";"blog";"W";"Seattle";"WA";;;;;;;;;;;;;;
"Belltown Community Council";"http://www.belltowncommunitycouncil.org/";"Belltown";"Downtown";"community council";"community";"website";"W";"Seattle";"WA";;;;;;;;;;;;;;
"Chinatown/International District";"http://www.cidbia.org/";"International District";"Downtown";"business improvement association";"community";"website";"W";"Seattle";"WA";;;;;;;;;;;;;;
"Chinese Information and Service Center";"http://www.cisc-seattle.org/";"International District";"Downtown";"referral, advocacy, support services";"nonprofit";"website";"W";"Seattle";"WA";;;;;;;;;;;;;;
"Downtown Dispatch";"http://downtowndispatch.com/";"Downtown";"Downtown";"news and events";"commercial";"blog";"W";"Seattle";"WA";;;;;;;;;;;;;;
"Downtown Seattle Association";"http://www.downtownseattle.com/";"Downtown";"Downtown";"business association";;"website";"W";"Seattle";"WA";;;;;;;;;;;;;;
"KOMO Communities - Downtown";"http://downtown.komonews.com";"Downtown";"Downtown";"news, events, human interest, criminal activity, shopping";"commercial";"blog";"W";"Seattle";"WA";;;;;;;;;;;;;;
"Pioneer Square Community Association";"http://www.pioneersquare.org/";"Pioneer Square";"Downtown";"community organization";"community";"website";"W";"Seattle";"WA";;;;;;;;;;;;;;
"SCIPDA";"http://www.scidpda.org/";"International District";"Downtown";"public development authority";"community";"website";"W";"Seattle";"WA";;;;;;;;;;;;;;
"Seattle Chinatown Guide";"http://www.chinatownconnection.com/seattle-chinatown-international-district.htm";"International District";"Downtown";"food, shopping";"commercial";"website";"W";"Seattle";"WA";;;;;;;;;;;;;;
"SoDo Business Association";"http://www.sodobusinessassociation.org/";"SoDo";"Downtown";"business association";"community";"website";"S";"Seattle";"WA";;;;;;;;;;;;;;
"Wing Luke Asian Museum";"http://www.wingluke.org/";"International District";"Downtown";"museum";"community";"website";"W";"Seattle";"WA";;;;;;;;;;;;;;
"15th Ave Community";"http://groups.yahoo.com/group/15thAve_Community/";"Capitol Hill";"East";"15th avenue residents";"community";"email list";"E";"Seattle";"WA";;;;;;;;;;;;;;
"Capitol Hill Community Council";"http://chcc.wikidot.com/";"Capitol Hill";"East";"community council, news, events";"community";"wiki";"E";"Seattle";"WA";;;;;;;;;;;;;;
"Capitol Hill Housing";"http://capitolhillhousing.org/";"Capitol Hill";"East";"affordable housing";"community";"website";"E";"Seattle";"WA";;;;;;;;;;;;;;
"Capitol Hill Triangle";"http://chtriangle.blogspot.com/";"Capitol Hill";"East";"local miscellany ";"commercial";"blog";"E";"Seattle";"WA";;;;;;;;;;;;;;
"CHS Capitol Hill Seattle Blog";"http://www.capitolhillseattle.com/";"Capitol Hill";"East";"news, events, food, drink, criminal activity";"commercial";"blog";"E";"Seattle";"WA";;;;;;;;;;;;;;
"First Hill Improvement Association";"http://www.firsthill.org/";"First Hill";"East";"neighborhood association";"community";"website";"E";"Seattle";"WA";;;;;;;;;;;;;;
"KOMO Communities - Captol Hill";"http://capitolhill.komonews.com";"Capitol Hill";"East";"news, events, human interest, criminal activity, shopping";"commercial";"blog";"E";"Seattle";"WA";;;;;;;;;;;;;;
"KOMO Communities - Central District";"http://centraldistrict.komonews.com";"Central District";"East";"news, events, human interest, criminal activity, shopping";"commercial";"blog";"E ";"Seattle";"WA";;;;;;;;;;;;;;
"KOMO Communities - Madison Park";"http://madisonpark.komonews.com";"Madison Park";"East";"news, events, human interest, criminal activity, shopping";"commercial";"blog";"E";"Seattle";"WA";;;;;;;;;;;;;;
"Madison Park Blogger";"http://madisonparkblogger.blogspot.com/";"Madison Park";"East";"news, housing prices, events";"commercial";"blog";"E";"Seattle";"WA";;;;;;;;;;;;;;
"Madison Park Business Association";"http://www.madisonparkseattle.com/";"Madison Park";"East";"business association";"community";"website";"E";"Seattle";"WA";;;;;;;;;;;;;;
"Miller Park Neighborhood Association";"http://millerparkseattle.blogspot.com/";"Miller Park";"East";"neighborhood association; news, events";"community";"blog";"E";"Seattle";"WA";;;;;;;;;;;;;;
"North Capitol Hill Neighborhood Association";"http://www.nchna.com/";"Capitol Hill";"East";"meeting notes, relevant news";"community";"website";"E";"Seattle";"WA";;;;;;;;;;;;;;
"Seattle Central Community College";"http://seattlecentral.edu/";"Capitol Hill";"East";"college";;"website";"E";"Seattle";"WA";;;;;;;;;;;;;;
"Your Capitol Hill";"http://www.yourcapitolhill.com/";"Capitol Hill";"East";"dining, events, nightlife, shopping";"community";"website";"E";"Seattle";"WA";;;;;;;;;;;;;;
"All About South Park";"http://www.allaboutsouthpark.com/";"South Park";"Greater Duwamish";"neighborhood info";"community";"website";"S";"Seattle";"WA";;;;;;;;;;;;;;
"Beacon Hill Alliance of Neighbors";"http://www.cityofseattle.net/ban/";"Beacon Hill";"Greater Duwamish";"community, public safety";"community";"website";"SE";"Seattle";"WA";;;;;;;;;;;;;;
"Beacon Hill Blog";"http://beaconhill.seattle.wa.us/";"Beacon Hill";"Greater Duwamish";"news, events, food, nightlife, criminal activity";"commercial";"blog";"SE";"Seattle";"WA";;;;;;;;;;;;;;
"Beacon Hill Burglaries";"http://maps.google.com/maps/ms?ie=UTF8&hl=en&msa=0&msid=107398592337461190820.000449fcf97ff8bfbe281&z=14or";"Beacon Hill";"Greater Duwamish";"criminal activity";"community";"email list";"SE";"Seattle";"WA";;;;;;;;;;;;;;
"Beacon Hill Community Site";"http://beaconhillcommunity.wetpaint.com/";"Beacon Hill";"Greater Duwamish";"news, announcements, community concerns";"commercial";"wiki";"SE";"Seattle";"WA";;;;;;;;;;;;;;
"Blogging Georgetown";"http://www.blogginggeorgetown.com/";"Georgetown";"Greater Duwamish";"news, events, 911 blotter";"commercial";"blog";"SW";"Seattle";"WA";;;;;;;;;;;;;;
"Blogging Georgetown";"http://www.facebook.com/blogginggeorgetown";"Georgetown";"Greater Duwamish";"news, events, 911 blotter";"community";"facebook page";"SW";"Seattle";"WA";;;;;;;;;;;;;;
"Georgetown Art Center";"http://georgetownartcenter.blogspot.com/";"Georgetown";"Greater Duwamish";"community arts";"community";"blog";"SW";"Seattle";"WA";;;;;;;;;;;;;;
"Georgetown Neighborhood";"http://www.georgetownneighborhood.com/";"Georgetown";"Greater Duwamish";"community council";"community";"website";"SW";"Seattle";"WA";;;;;;;;;;;;;;
"Georgetown Seattle";"http://groups.yahoo.com/group/Georgetown-Seattle/";"Georgetown";"Greater Duwamish";"community members";"community";"email list";"SW";"Seattle";"WA";;;;;;;;;;;;;;
"Jefferson Park Alliance";"http://www.cityofseattle.net/commnty/Beacon/groups/jpa/";"Beacon Hill";"Greater Duwamish";"community";"community";"website";"SE";"Seattle";"WA";;;;;;;;;;;;;;
"KOMO Communities - Beacon Hill";"http://beaconhill.komonews.com";"Beacon Hill";"Greater Duwamish";"news, events, human interest, criminal activity, shopping";"commercial";"blog";"SE";"Seattle";"WA";;;;;;;;;;;;;;
"KOMO Communities - Georgetown";"http://georgetown.komonews.com";"Georgetown";"Greater Duwamish";"news, events, human interest, criminal activity, shopping";"commercial";"blog";"SW";"Seattle";"WA";;;;;;;;;;;;;;
"Market On Wheels";"http://marketonwheels.wordpress.com/";"South Park";"Greater Duwamish";"farmers' market";"community";"blog";"S";"Seattle";"WA";;;;;;;;;;;;;;
"nbeaconhillneighbors";"http://groups.yahoo.com/group/nbeaconhillneighbors/";"Beacon Hill";"Greater Duwamish";"community members";"community";"email list";"SE";"Seattle";"WA";;;;;;;;;;;;;;
"North Beacon Hill";"http://north-beacon-hill.blogspot.com/";"Beacon Hill";"Greater Duwamish";"community council";"community";"blog";"SE";"Seattle";"WA";;;;;;;;;;;;;;
"North Beacon Hill Council";"http://www.cityofseattle.net/commnty/Beacon/groups/nbhc/";"Beacon Hill";"Greater Duwamish";"community group";"community";"website";"SE";"Seattle";"WA";;;;;;;;;;;;;;
"Seattle Industry";"http://www.seattleindustry.org/";"Industrial District";"Greater Duwamish";"seattle industry";"community";"website";"S";"Seattle";"WA";;;;;;;;;;;;;;
"SoDo Business Association";"http://www.sodobusinessassociation.org/";"Industrial District";"Greater Duwamish";"business association";"community";"website";"S";"Seattle";"WA";;;;;;;;;;;;;;
"South Park Seattle";"http://www.myspace.com/southparkseattle";"South Park";"Greater Duwamish";"neighborhood info";"community";"myspace";"S";"Seattle";"WA";;;;;;;;;;;;;;
"yoursouthpark";"http://groups.yahoo.com/group/yoursouthpark/";"South Park";"Greater Duwamish";"community members";"community";"email list";"S";"Seattle";"WA";;;;;;;;;;;;;;
"Cascade People's Center";"http://www.cascadepeoplescenter.org/";"South Lake Union";"Lake Union";"nonprofit";"community";"website";"W";"Seattle";"WA";;;;;;;;;;;;;;
"Discover SLU";"http://www.discoverslu.com";"South Lake Union";"Lake Union";"news, events, shopping, dining";"commercial";"website";"W";"Seattle";"WA";;;;;;;;;;;;;;
"Discover SLU";"http://www.facebook.com/discoverslu";"South Lake Union";"Lake Union";"news, events, shopping, dining";"commercial";"facebook page";"W";"Seattle";"WA";;;;;;;;;;;;;;
"Discover SLU";"http://www.twitter.com/southlakeunion";"South Lake Union";"Lake Union";"news, events, shopping, dining";"commercial";"twitter";"W";"Seattle";"WA";;;;;;;;;;;;;;
"Eastlake Ave. ";"http://eastlakeave.neighborlogs.com/";"Eastlake";"Lake Union";"news, traffic, events, criminal activity";"commercial";"blog";"W";"Seattle";"WA";;;;;;;;;;;;;;
"Eastlake Ave. ";"http://twitter.com/eastlakeave";"Eastlake";"Lake Union";"updates on blog posts";"commercial";"blog";"W";"Seattle";"WA";;;;;;;;;;;;;;
"Eastlake Community Council";"http://www.eastlakeseattle.org/";"Eastlake";"Lake Union";"community council";"community";"website";"W";"Seattle";"WA";;;;;;;;;;;;;;
"Eastlake Community Council";"http://www.facebook.com/group.php?gid=7145111961";"Eastlake";"Lake Union";"community council";"community";"facebook page";"W";"Seattle";"WA";;;;;;;;;;;;;;
"Fremont Arts Council";"http://groups.yahoo.com/group/fremontartscouncil/";"Fremont";"Lake Union";"fremont arts council members";"community";"email list";"NW";"Seattle";"WA";;;;;;;;;;;;;;
"Fremont Arts Council";"http://www.fremontartscouncil.org/";"Fremont";"Lake Union";"communtiy group";"community";"website";"NW";"Seattle";"WA";;;;;;;;;;;;;;
"Fremont Chamber of Commerce";"http://www.fremontseattle.com/";"Fremont";"Lake Union";"chamber of commerce";"community";"website";"NW";"Seattle";"WA";;;;;;;;;;;;;;
"Fremont Universe";"http://twitter.com/fremontuniverse";"Fremont";"Lake Union";"news, events, food, reviews";"commercial";"twitter";"NW";"Seattle";"WA";;;;;;;;;;;;;;
"Fremont Universe";"http://www.facebook.com/pages/Fremont-Universe-Seattle/88279594341?ref=s";"Fremont";"Lake Union";"news, events, food, reviews";"commercial";"facebook page";"NW";"Seattle";"WA";;;;;;;;;;;;;;
"Fremont Universe";"http://www.fremontuniverse.com/";"Fremont";"Lake Union";"news, events, food, reviews";"commercial";"blog";"NW";"Seattle";"WA";;;;;;;;;;;;;;
"Friends of Fremont Peak Park";"http://www.fremontpeakpark.org/";"Fremont";"Lake Union";"community organization";"community";"website";"NW";"Seattle";"WA";;;;;;;;;;;;;;
"KOMO Communities - Fremont";"http://fremont.komonews.com";"Fremont";"Lake Union";"news, events, human interest, criminal activity, shopping";"commercial";"blog";"NW";"Seattle";"WA";;;;;;;;;;;;;;
"KOMO Communities - South Lake Union";"http://southlakeunion.komonews.com";"South Lake Union";"Lake Union";"news, events, human interest, criminal activity, shopping";"commercial";"blog";"W";"Seattle";"WA";;;;;;;;;;;;;;
"S Lake Union Friends and Neighbors Community Council";"http://www.slufan.org/";"South Lake Union";"Lake Union";"community council";"community";"website";"W";"Seattle";"WA";;;;;;;;;;;;;;
"South Lake Union Chamber of Commerce";"http://www.sluchamber.org/";"South Lake Union";"Lake Union";"chamber of commerce";"community";"website";"W";"Seattle";"WA";;;;;;;;;;;;;;
"The South Lake Union Community Blog";"http://www.thesouthlake.com/";"South Lake Union";"Lake Union";"news, events, personalized profile pages";"commercial";"blog";"W";"Seattle";"WA";;;;;;;;;;;;;;
"Friends of Discovery Park";"http://www.friendsdiscoverypark.org/";"Magnolia";"Magnolia/Queen Anne";"park issues";"community";"website";"W";"Seattle";"WA";;;;;;;;;;;;;;
"Interbay District Blog";"http://www.interbaydistrict.com/";"Interbay";"Magnolia/Queen Anne";"news, sports";"community";"blog";"NW";"Seattle";"WA";;;;;;;;;;;;;;
"Interbay Neighborhood Association";"http://www.our-interbay.org/";"Interbay";"Magnolia/Queen Anne";"neighborhood association";"community";"website";"NW";"Seattle";"WA";;;;;;;;;;;;;;
"KOMO Communities - Magnolia";"http://magnolia.komonews.com";"Magnolia";"Magnolia/Queen Anne";"news, events, human interest, criminal activity, shopping";"commercial";"blog";"NW";"Seattle";"WA";;;;;;;;;;;;;;
"KOMO Communities - Queen Anne";"http://queenanne.komonews.com";"Queen Anne";"Magnolia/Queen Anne";"news, events, human interest, criminal activity, shopping";"commercial";"blog";"W";"Seattle";"WA";;;;;;;;;;;;;;
"Magnolia Action Group";"http://www.orgsites.com/wa/mag/";"Magnolia";"Magnolia/Queen Anne";"planning issues";"community";"website";"W";"Seattle";"WA";;;;;;;;;;;;;;
"Magnolia Chamber of Commerce";"http://www.magnoliachamber.org/";"Magnolia";"Magnolia/Queen Anne";"chamber of commerce";"community";"website";"W";"Seattle";"WA";;;;;;;;;;;;;;
"Magnolia Historical Society";"http://www.magnoliahistoricalsociety.org/";"Magnolia";"Magnolia/Queen Anne";"historical society";"community";"website";"W";"Seattle";"WA";;;;;;;;;;;;;;
"Magnolia is Really Part of Seattle";"http://sleeplessinmagnolia.ning.com/";"Magnolia";"Magnolia/Queen Anne";"planning issues";"community";"wiki";"W";"Seattle";"WA";;;;;;;;;;;;;;
"Magnolia Neighborhood Planning Council";"http://magnolianpc.com/";"Magnolia";"Magnolia/Queen Anne";"neighborhood association";"community";"website";"W";"Seattle";"WA";;;;;;;;;;;;;;
"Magnolia Voice";"http://twitter.com/magnoliavoice";"Magnolia";"Magnolia/Queen Anne";"news, events, criminal activity, food";"commercial";"twitter";"NW";"Seattle";"WA";;;;;;;;;;;;;;
"Magnolia Voice";"http://www.facebook.com/pages/Magnolia-Voice-Seattle/116057104388";"Magnolia";"Magnolia/Queen Anne";"news, events, criminal activity, food";"commercial";"facebook page";"NW";"Seattle";"WA";;;;;;;;;;;;;;
"Magnolia Voice";"http://www.magnoliavoice.com/";"Magnolia";"Magnolia/Queen Anne";"news, events, criminal activity, food";"commercial";"blog";"W";"Seattle";"WA";;;;;;;;;;;;;;
"Queen Anne Chamber of Commerce";"http://qachamber.org/";"Queen Anne";"Magnolia/Queen Anne";"chamber of commerce";"community";"website";"W";"Seattle";"WA";;;;;;;;;;;;;;
"Queen Anne Community Council";"http://www.qacc.net/";"Queen Anne";"Magnolia/Queen Anne";"community council";"community";"website";"W";"Seattle";"WA";;;;;;;;;;;;;;
"Queen Anne Examiner";"http://www.examiner.com/x-8856-Seattle-Queen-Anne-Hill-Examiner";"Queen Anne";"Magnolia/Queen Anne";"news, local issues";"commercial";"blog";"W";"Seattle";"WA";;;;;;;;;;;;;;
"Queen Anne Helpline";"http://queenannehelpline.org/index.php";"Queen Anne";"Magnolia/Queen Anne";"nonprofit";"community";"website";"W";"Seattle";"WA";;;;;;;;;;;;;;
"Queen Anne Historical Society";"http://www.qahistory.org/";"Queen Anne";"Magnolia/Queen Anne";"historical society";"community";"website";"W";"Seattle";"WA";;;;;;;;;;;;;;
"Queen Anne View";"http://www.queenanneview.com/";"Queen Anne";"Magnolia/Queen Anne";"news, events, reviews";"commercial";"blog";"W";"Seattle";"WA";;;;;;;;;;;;;;
"Rosiehood";"http://twitter.com/Roosiehood";"Roosevelt";"NE";"news, events, human interest, criminal activity";"community";"twitter";"NE";"Seattle";"WA";;;;;;;;;;;;;;
"Rosiehood";"http://www.facebook.com/pages/Roosevelt-Neighborhood-Blog/133948283288085";"Roosevelt";"NE";"news, events, human interest, criminal activity";"community";"facebook page";"NE";"Seattle";"WA";;;;;;;;;;;;;;
"Rosiehood";"http://www.roosiehood.com/";"Roosevelt";"NE";"news, events, human interest, criminal activity";"community";"blog";"NE";"Seattle";"WA";;;;;;;;;;;;;;
"Haller Lake Community Club";"http://www.hallerlake.info/welcome.html";"Haller Lake";"North";"community organization";"community";"website";"N";"Seattle";"WA";;;;;;;;;;;;;;
"KOMO Communities - Lake City";"http://lakecity.komonews.com";"Lake City";"North";"news, events, human interest, criminal activity, shopping";"commercial";"blog";"NE";"Seattle";"WA";;;;;;;;;;;;;;
"KOMO Communities - North Seattle";"http://northseattle.komonews.com";"North Seattle";"North";"news, events, human interest, criminal activity, shopping";"commercial";"blog";"N";"Seattle";"WA";;;;;;;;;;;;;;
"Lake City Live";"http://www.lakecitylive.net/";"Lake City";"North";"news, criminal activity, food, drink, reviews";"commercial";"blog";"NE";"Seattle";"WA";;;;;;;;;;;;;;
"Maple Leaf Life";"http://twitter.com/mapleleaflife";"Maple Leaf";"North";"news, events, human interest, criminal activity, shopping";"commercial";"twitter";"N ";"Seattle";"WA";;;;;;;;;;;;;;
"Maple Leaf Life";"http://www.facebook.com/pages/Seattle-WA/Maple-Leaf-Life/298056021657";"Maple Leaf";"North";"news, events, human interest, criminal activity, shopping";"commercial";"facebook page";"N";"Seattle";"WA";;;;;;;;;;;;;;
"Maple Leaf Life";"http://www.mapleleaflife.com/";"Maple Leaf";"North";"news, events, human interest, criminal activity, shopping";"commercial";"blog";"N";"Seattle";"WA";;;;;;;;;;;;;;
"Northgate Chamber of Commerce";"http://www.northgatechamber.com/";"Northgate";"North";"chamber of commerce";"community";"website";"NE";"Seattle";"WA";;;;;;;;;;;;;;
"Pinehurst Seattle";"http://pinehurstseattle.org";"Pinehurst";"North";"news, events, issues";"community";"blog";"NE";"Seattle";"WA";;;;;;;;;;;;;;
"Pinehurst Seattle";"http://twitter.com/pinehurstsea";"Pinehurst";"North";"news, events, issues";"community";"twitter";"NE";"Seattle";"WA";;;;;;;;;;;;;;
"Pinehurst Seattle";"http://www.facebook.com/#!/group.php?gid=53590206898&v=wall&ref=search";"Pinehurst";"North";"news, events, issues";"community";"facebook page";"NE";"Seattle";"WA";;;;;;;;;;;;;;
"The Maple Leafer";"http://twitter.com/themapleleafer";"Maple Leaf";"North";"news, events, human interest, criminal activity, shopping";"commercial";"twitter";"N";"Seattle";"WA";;;;;;;;;;;;;;
"The Maple Leafer";"http://www.facebook.com/pages/The-Maple-Leafer/110782042284727";"Maple Leaf";"North";"news, events, human interest, criminal activity, shopping";"commercial";"facebook page";"N";"Seattle";"WA";;;;;;;;;;;;;;
"The Maple Leafer";"http://www.themapleleafer.com/";"Maple Leaf";"North";"news, events, human interest, criminal activity, shopping";"commercial";"blog";"N";"Seattle";"WA";;;;;;;;;;;;;;
"Aurora Seattle";"http://www.auroraseattle.com/";"Regional Sites";"Northeast";"news, traffic, planning";"community";"blog";"NE";"Seattle";"WA";;;;;;;;;;;;;;
"Hawthorne Hills Community Website";"http://www.seattle.gov/hawthornehills/index.htm";"Hawthorne Hills";"Northeast";"community council";"community";"website";"NE";"Seattle";"WA";;;;;;;;;;;;;;
"KOMO Communities - U-District";"http://udistrict.komonews.com";"University District";"Northeast";"news, events, human interest, criminal activity, shopping";"commercial";"blog";"NE";"Seattle";"WA";;;;;;;;;;;;;;
"KOMO Communities - View Ridge";"http://viewridge.komonews.com";"View Ridge";"Northeast";"news, events, human interest, criminal activity, shopping";"commercial";"blog";"NE";"Seattle";"WA";;;;;;;;;;;;;;
"Laurelhurst Community Club";"http://www.laurelhurstcc.com/";"Laurelhurst";"Northeast";"community club";"community";"website";"NE";"Seattle";"WA";;;;;;;;;;;;;;
"Magnuson Community Garden";"http://cityofseattle.net/MAGNUSONGARDEN";"Laurelhurst";"Northeast";"garden";;"website";"NE";"Seattle";"WA";;;;;;;;;;;;;;
"Magnuson Environmental Stewardship Alliance";"http://mesaseattle.org/";"Laurelhurst";"Northeast";"park issues";"community";"website";"NE";"Seattle";"WA";;;;;;;;;;;;;;
"Maple Leaf Community Council";"http://www.mapleleafcommunity.org/";"Maple Leaf";"Northeast";"community council, email list available";"community";"website";"NE";"Seattle";"WA";;;;;;;;;;;;;;
"Ravenna Blog";"http://twitter.com/ravennablog";"Ravenna";"Northeast";"news, events, human interest, criminal activity, food, shopping";"community";"twitter";"NE";"Seattle";"WA";;;;;;;;;;;;;;
"Ravenna Blog";"http://www.facebook.com/pages/Ravenna-Blog/116280421718247";"Ravenna";"Northeast";"news, events, human interest, criminal activity, food, shopping";"community";"facebook page";"NE";"Seattle";"WA";;;;;;;;;;;;;;
"Ravenna Blog";"http://www.ravennablog.com/";"Ravenna";"Northeast";"news, events, human interest, criminal activity, food, shopping";"community";"blog";"NE";"Seattle";"WA";;;;;;;;;;;;;;
"Ravenna-Bryant Community Association";"http://www.facebook.com/pages/Ravenna-Bryant-Community-Association/153638664651035";"Ravenna";"Northeast";"community association";"community";"facebook page";"NE";"Seattle";"WA";;;;;;;;;;;;;;
"Ravenna-Bryant Community Association";"http://www.ravennabryant.org/";"Ravenna";"Northeast";"community association";"community ";"website";"NE";"Seattle";"WA";;;;;;;;;;;;;;
"Roosevelt Neighborhood Association";"http://rooseveltseattle.org/default.aspx";"Roosevelt";"Northeast";"neighborhood association";"community";"website";"NE";"Seattle";"WA";;;;;;;;;;;;;;
"Roosevelt Neighborhood Association";"http://www.facebook.com/group.php?gid=178766520060";"Roosevelt";"Northeast";"neighborhood association";"community";"facebook page";"NE";"Seattle";"WA";;;;;;;;;;;;;;
"Roosevelt Neighbors' Alliance";"http://www.rooseveltneighborsalliance.org/main/Roosevelt_Neighbors_Alliance.html";"Roosevelt";"Northeast";"neighborhood association";"community";"website";"NE";"Seattle";"WA";;;;;;;;;;;;;;
"Roosevelt Seattle";"http://twitter.com/roosieseattle";"Roosevelt";"Northeast";"news, events";"community";"twitter";"NE";"Seattle";"WA";;;;;;;;;;;;;;
"Sustainable Northeast Seattle";"http://sustainableneseattle.ning.com/";"Wedgwood, Laurelhurst, Ravenna, Roosevelt";"Northeast";"community group";"community";"ning";"NE";"Seattle";"WA";;;;;;;;;;;;;;
"The Laurelhurst Blog";"http://thelaurelhurstblog.blogspot.com/";"Laurelhurst";"Northeast";"news, events";"community";"blog";"NE";"Seattle";"WA";;;;;;;;;;;;;;
"The Wedgwood Blog";"http://wedgwoodblog.spaces.live.com/default.aspx";"Wedgwood";"Northeast";"news, events";"commercial";"blog";"NE";"Seattle";"WA";;;;;;;;;;;;;;
"Thornton Creek Alliance";"http://www.scn.org/tca/";"Thornton Creek";"Northeast";"community group";;"website";"NE";"Seattle";"WA";;;;;;;;;;;;;;
"U District Daily";"http://www.udistrictdaily.com/";"University District";"Northeast";"news, events, human interest, criminal activity, shopping";"commercial";"blog";"NE";"Seattle";"WA";;;;;;;;;;;;;;
"University District Business Improvement Area";"http://www.udistrictchamber.org/UDBIA/index.html";"University District";"Northeast";"business association";"community";"website";"NE";"Seattle";"WA";;;;;;;;;;;;;;
"University District Food Bank";"http://www.facebook.com/pages/Seattle-WA/University-District-Food-Bank/47523824407";"University District";"Northeast";"food bank";"community";"facebook page";"NE";"Seattle";"WA";;;;;;;;;;;;;;
"University District Food Bank";"http://www.udistrictfoodbank.org/";"University District";"Northeast";"food bank";"community";"website";"NE";"Seattle";"WA";;;;;;;;;;;;;;
"University District Seattle";"http://www.udistrictchamber.org/GUCC/GUCC.html";"University District";"Northeast";"chamber of commerce";"community";"website";"NE";"Seattle";"WA";;;;;;;;;;;;;;
"University District Service Fund";"http://www.udistrictchamber.org/udistrictservicefund/index.html";"University District";"Northeast";"nonprofit";"community";"website";"NE";"Seattle";"WA";;;;;;;;;;;;;;
"Wedgwood Block Watch";"http://www.wedgwoodcc.org/wwbw/";"Wedgwood";"Northeast";"block watch";"community";"website";"NE";"Seattle";"WA";;;;;;;;;;;;;;
"Wedgwood Community Council";"http://www.wedgwoodcc.org/";"Wedgwood";"Northeast";"community council";"community";"website";"NE";"Seattle";"WA";;;;;;;;;;;;;;
"Wedgwood Community Council";"http://www.facebook.com/pages/Wedgwood-Community-Council/146730522040662";"Wedgwood";"Northeast";"community council";"community";"facebook page";"NE";"Seattle";"WA";;;;;;;;;;;;;;
"Wedgwood View";"http://twitter.com/wedgwoodview";"Wedgwood";"Northeast";"news, events, human interest, criminal activity, shopping";"commercial";"twitter";"NE";"Seattle";"WA";;;;;;;;;;;;;;
"Wedgwood View";"http://www.facebook.com/pages/Wedgwood-View/331236446338";"Wedgwood";"Northeast";"news, events, human interest, criminal activity, shopping";"commercial";"facebook page";"NE";"Seattle";"WA";;;;;;;;;;;;;;
"Wedgwood View";"http://www.wedgwoodview.com/";"Wedgwood";"Northeast";"news, events, human interest, criminal activity, shopping";"commercial";"blog";"NE";"Seattle";"WA";;;;;;;;;;;;;;
"Blue Ridge Club";"http://www.blueridgeseattle.com/index.php";"Blue Ridge";"Northwest";"homeowners club";"community";"website";;"Seattle";"WA";;;;;;;;;;;;;;
"Broadview Community Council";"http://groups.google.com/group/broadview-community-council";"Broadview";"Northwest";"community council";"community";"email list";"SW";"Seattle";"WA";;;;;;;;;;;;;;
"Broadview Community Council";"http://www.broadviewseattle.org/";"Broadview";"Northwest";"community council";"community";"blog";"NW";"Seattle";"WA";;;;;;;;;;;;;;
"Friends of Green Lake";"http://www.friendsofgreenlake.org/";"Green Lake";"Northwest";"neighborhood group";"community";"website";"NW";"Seattle";"WA";;;;;;;;;;;;;;
"Greater Greenwood Bi-Ped Safety Coalition";"http://bipedsafety.org/";"Greenwood";"Northwest";"community group";"community";"website";"NW";"Seattle";"WA";;;;;;;;;;;;;;
"Greenlake Community Council";"http://www.greenlakecommunitycouncil.org/";"Green Lake";"Northwest";"community council";"community";"website";"NW";"Seattle";"WA";;;;;;;;;;;;;;
"Greenlake Community Wiki";"http://greenlake.wetpaint.com/";"Green Lake";"Northwest";"events, for sale, services";"community";"wiki";"NW";"Seattle";"WA";;;;;;;;;;;;;;
"Greenwood Aurora Involved Neighbors";"http://www.gainseattle.com/";"Greenwood";"Northwest";"neighborhood association";"community";"website";"NW";"Seattle";"WA";;;;;;;;;;;;;;
"Greenwood Blog";"http://www.greenwoodblog.com/";"Greenwood";"Northwest";"news, events";"commercial";"blog";"NW";"Seattle";"WA";;;;;;;;;;;;;;
"Greenwood Community Council";"http://www.greenwoodcommunitycouncil.org/about/";"Greenwood";"Northwest";"community council";"community";"website";"NW";"Seattle";"WA";;;;;;;;;;;;;;
"Greenwood Community Council Announcements";"http://groups.yahoo.com/group/Greenwood_News/";"Greenwood";"Northwest";"community council";"community";"email list";"NW";"Seattle";"WA";;;;;;;;;;;;;;
"Greenwood Community Council Discussion";"http://groups.yahoo.com/group/greenwood-discussion/";"Greenwood";"Northwest";"community council";"community";"email list";"NW";"Seattle";"WA";;;;;;;;;;;;;;
"Greenwood Phinney Chamber of Commerce";"http://www.greenwood-phinney.com/";"Greenwood";"Northwest";"chamber of commerce";"community";"website";"NW";"Seattle";"WA";;;;;;;;;;;;;;
"KOMO Communities - Ballard";"http://ballard.komonews.com/";"Ballard";"Northwest";"news, events, human interest, criminal activity, shopping";"commercial";"blog";"NW";"Seattle";"WA";;;;;;;;;;;;;;
"KOMO Communities - Green Lake";"http://greenlake.komonews.com";"Green Lake";"Northwest";"news, events, human interest, criminal activity, shopping";"commercial";"blog";"NW";"Seattle";"WA";;;;;;;;;;;;;;
"KOMO Communities - Greenwood-Phinney";"http://greenwood-phinney.komonews.com";"Greenwood-Phinney";"Northwest";"news, events, human interest, criminal activity, shopping";"commercial";"blog";"NW";"Seattle";"WA";;;;;;;;;;;;;;
"KOMO Communities - Wallingford";"http://wallingford.komonews.com";"Wallingford";"Northwest";"news, events, human interest, criminal activity, shopping";"commercial";"blog";"NW";"Seattle";"WA";;;;;;;;;;;;;;
"Licton Springs Neighborhood ";"http://www.lictonsprings.org/";"Licton Springs";"Northwest";"neighborhood council";"community";"website";"NW";"Seattle";"WA";;;;;;;;;;;;;;
"My Greenlake Blog";"http://www.mygreenlake.com/";"Green Lake";"Northwest";"news, events, food";"commercial";"blog";"NW";"Seattle";"WA";;;;;;;;;;;;;;
"MyWallingford";"http://mywallingford.com";"Wallingford";"Northwest";"news, events, human interest, criminal activity, shopping";"commercial";"blog";"NW";"Seattle";"WA";;;;;;;;;;;;;;
"MyWallingford";"http://twitter.com/mywallingford";"Wallingford";"Northwest";"news, events, human interest, criminal activity, shopping";"commercial";"twitter";"NW";"Seattle";"WA";;;;;;;;;;;;;;
"MyWallingford";"http://www.facebook.com/MyWallingford?ref=ts";"Wallingford";"Northwest";"news, events, human interest, criminal activity, shopping";"commercial";"facebook page";"NW";"Seattle";"WA";;;;;;;;;;;;;;
"Northwest District Council";"http://www.nwdistrictcouncil.org/";"Northwest";"Northwest";"district council";"community";"website";"NW";"Seattle";"WA";;;;;;;;;;;;;;
"Phinney Neighborhood Association";"http://phinneycenter.blogspot.com/";"Phinney Ridge";"Northwest";"association news and events";"community";"blog";"NW";"Seattle";"WA";;;;;;;;;;;;;;
"Phinney Neighborhood Association";"http://www.facebook.com/group.php?gid=42314991794";"Phinney Ridge";"Northwest";"neighborhood association";"community";"facebook page";"NW";"Seattle";"WA";;;;;;;;;;;;;;
"Phinney Neighborhood Association";"http://www.phinneycenter.org/";"Phinney Ridge";"Northwest";"neighborhood association";"community";"website";"NW";"Seattle";"WA";;;;;;;;;;;;;;
"Phinney Ridge Ecovillage";"http://www.phinneyecovillage.net/";"Phinney Ridge";"Northwest";"community group";"community";"website";"NW";"Seattle";"WA";;;;;;;;;;;;;;
"PhinneyWood";"http://www.phinneywood.com/";"Phinney Ridge";"Northwest";"news, events, food, shopping";"commercial";"blog";"NW";"Seattle";"WA";;;;;;;;;;;;;;
"Solid Ground";"http://www.facebook.com/pages/Solid-Ground/20665239656";"Wallingford";"Northwest";"nonprofit";"community";"facebook page";"NW";"Seattle";"WA";;;;;;;;;;;;;;
"Solid Ground";"http://www.solid-ground.org/Pages/Default.aspx";"Wallingford";"Northwest";"nonprofit";"community";"website";"NW";"Seattle";"WA";;;;;;;;;;;;;;
"Sustainable Greenwood/Phinney";"http://web.me.com/annecann1/iWeb/Site/Home.html";"Phinney Ridge";"Northwest";"susainability";"community";"website";"NW";"Seattle";"WA";;;;;;;;;;;;;;
"Vision Greenwood Park Seattle";"http://www.facebook.com/pages/Vision-Greenwood-Park-Seattle/165995713450762";"Greenwood";"Northwest";"park issues, events, neighborhood-issues, neighborhood-planning";"community";"facebook page";"NW";"Seattle";"WA";;;;;;;;;;;;;;
"Wallingford Chamber of Commerce";"http://wallingfordchamber.org/";"Wallingford";"Northwest";"chamber of commerce";"community";"website";"NW";"Seattle";"WA";;;;;;;;;;;;;;
"Wallingford Community Council";"http://council.iactivesite.com/";"Wallingford";"Northwest";"community council";"community";"website";"NW";"Seattle";"WA";;;;;;;;;;;;;;
"Wallingford Seattle Blog";"http://twitter.com/wallingford";"Wallingford";"Northwest";"news, events, advice";"community";"twitter";"NW";"Seattle";"WA";;;;;;;;;;;;;;
"Wallingford Seattle Blog";"http://wallingfordseattle.tumblr.com/";"Wallingford";"Northwest";"news, events, advice";"community";"blog";"NW";"Seattle";"WA";;;;;;;;;;;;;;
"Wallingford.org";"http://www.wallingford.org/";"Wallingford";"Northwest";"neighborhood group";"community";"website";"NW";"Seattle";"WA";;;;;;;;;;;;;;
"Wallyhood - Wallingford Seattle Blog";"http://twitter.com/wallyhood";"Wallingford";"Northwest";"news, events";"commercial";"twitter";"NW ";"Seattle";"WA";;;;;;;;;;;;;;
"Wallyhood - Wallingford Seattle Blog";"http://www.wallyhood.org/";"Wallingford";"Northwest";"news, events";"commercial";"blog";"NW";"Seattle";"WA";;;;;;;;;;;;;;
"Bike Works!";"http://www.bikeworks.org/";"Columbia City";"Southeast";"community group";;"website";"SE";"Seattle";"WA";;;;;;;;;;;;;;
"Columbia Citizens";"http://columbiacitizens.net/";"Columbia City";"Southeast";"neighborhood community site; buying/selling, restaurants, favorite places, etc.";"community";"wiki";"SE";"Seattle";"WA";;;;;;;;;;;;;;
"Columbia Citizens";"http://twitter.com/CCitizens";"Columbia City";"Southeast";"twitter for Columbia Citizens";"community";"twitter";"SE";"Seattle";"WA";;;;;;;;;;;;;;
"Columbia Citizens";"http://www.facebook.com/pages/Columbia-Citizens/48558627705";"Columbia City";"Southeast";"neighborhood community site; buying/selling, restaurants, favorite places, etc.";"community";"facebook page";"SE";"Seattle";"WA";;;;;;;;;;;;;;
"Columbia City Blog";"http://www.columbiacityblog.com/";"Columbia City";"Southeast";"news, events, food, shopping";"commercial";"blog";"SE";"Seattle";"WA";;;;;;;;;;;;;;
"Columbia City, Seattle";"http://www.columbiacityseattle.com/";"Columbia City";"Southeast";"business association";"community";"website";"SE";"Seattle";"WA";;;;;;;;;;;;;;
"Columbia City: Rainier Valley";"http://www.rainiervalley.org/";"Rainier Valley";"Southeast";"portal";"community";"website";"SE";"Seattle";"WA";;;;;;;;;;;;;;
"Friends of Seward Park";"http://www.sewardpark.org/";"Seward Park";"Southeast";"park issues";"community";"website";"SE";"Seattle";"WA";;;;;;;;;;;;;;
"Hillman City Neighborhood Alliance";"http://www.hillmancity.org/";"Hillman City";"Southeast";"neighborhood alliance";;"website";"SE";"Seattle";"WA";;;;;;;;;;;;;;
"KOMO Communities - Columbia City";"http://columbiacity.komonews.com";"Columbia City";"Southeast";"news, events, human interest, criminal activity, shopping";"commercial";"blog";"SE";"Seattle";"WA";;;;;;;;;;;;;;
"KOMO Communities - Rainier Valley";"http://rainiervalley.komonews.com";"Rainier Valley";"Southeast";"news, events, human interest, criminal activity, food, shopping";"commercial";"blog";"SE";"Seattle";"WA";;;;;;;;;;;;;;
"MLK Business Association";"http://www.mlkba.org/";"Rainier Valley";"Southeast";"business association";"community";"website";"SE";"Seattle";"WA";;;;;;;;;;;;;;
"Mount Baker Community Club";"http://groups.yahoo.com/group/MBCCCommunityNotices/";"Mount Baker";"Southeast";"community club";;"email list";"SE";"Seattle";"WA";;;;;;;;;;;;;;
"Mount Baker Neighborhood ";"http://www.mountbaker.org/index.php";"Mount Baker";"Southeast";"community group";"community";"website";"SE";"Seattle";"WA";;;;;;;;;;;;;;
"New Holly Neighborhood Campus";"http://www.newholly.org/";"Rainier Valley";"Southeast";"services portal";"community";"website";"SE";"Seattle";"WA";;;;;;;;;;;;;;
"New Rainier Vista";"http://newrainiervista.com/public/about/";"Rainier Beach";"Southeast";"news, events, human interest, criminal activity, shopping";"community";"blog";"SE";"Seattle";"WA";;;;;;;;;;;;;;
"Othello Neighborhood Association";"http://othello.talkspot.com/";"Othello";"Southeast";"neighborhood association";"community";"website";"SE";"Seattle";"WA";;;;;;;;;;;;;;
"Rainier Beach Community Empowerment Coalition";"http://twitter.com/rainierbeach";"Rainier Beach";"Southeast";"news, events, issues";"community";"twitter";"SE";"Seattle";"WA";;;;;;;;;;;;;;
"Rainier Beach Community Empowerment Coalition";"http://www.rbcoalition.org/";"Rainier Beach";"Southeast";"news, events, issues";"community";"blog";"SE";"Seattle";"WA";;;;;;;;;;;;;;
"Rainier Valley Historical Society";"http://www.rainiervalleyhistory.org/";"Rainier Valley";"Southeast";"historical society";"community";"website";"SE";"Seattle";"WA";;;;;;;;;;;;;;
"Rainier Valley Post";"http://www.rainiervalleypost.com/";"Rainier Valley";"Southeast";"news, events, 911 blotter, food, reviews";"commercial";"blog";"SE";"Seattle";"WA";;;;;;;;;;;;;;
"Seattle's Othello Neighborhood";"http://othelloneighborhood.org/default.aspx";"Othello";"Southeast";"shared community group website";"community";"website";"SE";"Seattle";"WA";;;;;;;;;;;;;;
"Southeast District Council";"http://sedcseattle.wordpress.com/";"Rainier Valley, Columbia City, Hillman City, Othello, Rainier Beach, Mount Baker";"Southeast";"district council";"community";"blog";"SE";"Seattle";"WA";;;;;;;;;;;;;;
"Southend Seattle";"http://southendseattle.com";"Beacon Hill, Mount Baker, Genesee, Georgetown, Columbia City, Hillman City, Lakewood-Seward Park, Rainier Beach, Bryn Mawr- Skyway, Lakeridge, South Park, Allentown";"Southeast, Greater Duwamish";"news, events, human interest";"community";"blog";"SE, SW";"Seattle";"WA";;;;;;;;;;;;;;
"Admiral Neighborhood Association";"http://groups.yahoo.com/group/AdmiralNeighborhood/";"Admiral (West Seattle)";"Southwest";"neighborhood association";"community";"email list";"SW";"Seattle";"WA";;;;;;;;;;;;;;
"Alki News";"http://groups.yahoo.com/group/alkibeachcommunity/";"Alki";"Southwest";"members of the Alki Community Council and residents of the Alki Beach neighborhood";"community";"email list";"SW";"Seattle";"WA";;;;;;;;;;;;;;
"Alki News/Alki Community Council";"http://alkinews.wordpress.com/";"Alki";"Southwest";"news, council meetings";"community";"blog";"SW";"Seattle";"WA";;;;;;;;;;;;;;
"ArtsWest";"http://www.artswest.org/?q=node/28";"West Seattle";"Southwest";"arts";"community";"website";"SW";"Seattle";"WA";;;;;;;;;;;;;;
"Beach Drive Blog";"http://www.mortgageporter.com/beach_drive/";"Alki";"Southwest";"news, home sales, crime";"commercial";"blog";"SW";"Seattle";"WA";;;;;;;;;;;;;;
"Fauntleroy Community Association";"http://fauntleroy.net/";"Fauntleroy";"Southwest";"community association";"community";"website";"SW";"Seattle";"WA";;;;;;;;;;;;;;
"Fauntleroy Community Association";"http://www.facebook.com/pages/Seattle-WA/Fauntleroy-Community-Association/63181596775?v=wall&viewas=1779772562&ref=ts";"Fauntleroy";"Southwest";"community assocation";"community";"facebook page";"SW";"Seattle";"WA";;;;;;;;;;;;;;
"Genesee-Schmitz Neighborhood Council";"http://genesee-schmitz.org/";"Genesee-Schmitz";"Southwest";"neighborhood council";"community";"blog";"SW";"Seattle";"WA";;;;;;;;;;;;;;
"Junction Neighborhood Organization";"http://www.wsjuno.com/";"Junction";"Southwest";"events, meetings";"community";"blog";"W";"Seattle";"WA";;;;;;;;;;;;;;
"KOMO Communities - West Seattle";"http://westseattle.komonews.com";"West Seattle";"Southwest";"news, events, human interest, criminal activity, shopping";"commercial";"blog";"SW";"Seattle";"WA";;;;;;;;;;;;;;
"Morgan Junction Community Association";"http://morganjunction.org/";"Morgan Junction";"Southwest";"community association";"community";"website";"SW";"Seattle";"WA";;;;;;;;;;;;;;
"Official Website of the High Point Neighborhood";"http://www.highpointneighborhood.org/";"High Point";"Southwest";"neighborhood association";"community";"website";"SW";"Seattle";"WA";;;;;;;;;;;;;;
"Senior Center West Seattle";"http://www.sc-ws.org/julaug09/";"West Seattle";"Southwest";"senior center";"community";"website";"SW";"Seattle";"WA";;;;;;;;;;;;;;
"Senior Services";"http://www.seniorservices.org/";"West Seattle";"Southwest";"senior sevices";"community";"website";"SW";"Seattle";"WA";;;;;;;;;;;;;;
"The Junction: Downtown West Seattle";"http://www.wsjunction.com/";"Junction";"Southwest";"neighborhood association";"community";"website";"W";"Seattle";"WA";;;;;;;;;;;;;;
"West Seattle Chamber of Commerce";"http://www.wschamber.com/";"West Seattle";"Southwest";"chamber of commerce";"community";"website";"SW";"Seattle";"WA";;;;;;;;;;;;;;
"White Center Technology Programs";"http://technology.program.googlepages.com/";"White Center";"Southwest";"tech resources";"community";"website";"SW";"Seattle";"WA";;;;;;;;;;;;;;
"Sustainable West Seattle";"http://www.sustainablewestseattle.org/";"West Seattle";"Southwest, Delridge";"events, issues, food, neighborhood planning";"community";"blog";"SW";"Seattle";"WA";;;;;;;;;;;;;;
"West Seattle Blog";"http://twitter.com/westseattleblog";"West Seattle";"Southwest, Delridge";"news, events, human interest";"commercial";"twitter";"SW";"Seattle";"WA";;;;;;;;;;;;;;
"West Seattle Blog";"http://westseattleblog.com/";"West Seattle";"Southwest, Delridge";"news, events, human interest";"commercial";"blog";"SW";"Seattle";"WA";;;;;;;;;;;;;;
"West Seattle Blog";"http://www.facebook.com/westseattleblog";"West Seattle";"Southwest, Delridge";"profile page for West Seattle Blog";"commercial";"facebook page";"SW";"Seattle";"WA";;;;;;;;;;;;;;
"West Seattle Herald";"http://twitter.com/westseattleher";"West Seattle";"Southwest, Delridge";"online newspaper";"commercial";"twitter";"SW";"Seattle";"WA";;;;;;;;;;;;;;
"West Seattle Herald";"http://www.facebook.com/wsherald";"West Seattle";"Southwest, Delridge";"online newspaper";"commercial";"facebook page";"SW";"Seattle";"WA";;;;;;;;;;;;;;
"West Seattle Herald";"http://www.westseattleherald.com/";"West Seattle";"Southwest, Delridge";"online newspaper";"commercial";"website";"SW";"Seattle";"WA";;;;;;;;;;;;;;
